insert into TipoEspacio values ('1','Unidad');
insert into TipoEspacio values ('2','Sede');
insert into TipoEspacio values ('3','Campo');
insert into TipoEspacio values ('4','Pista');
insert into TipoEspacio values ('5','Salon');
insert into TipoEspacio values ('6','Piscina');
insert into TipoEspacio values ('7','Sala de Maquinas');
insert into TipoEspacio values ('8','Muro Escalar');

insert into Deporte values ('1','Atletismo');
insert into Deporte values ('2','Tenis');
insert into Deporte values ('3','Tenis de Mesa');
insert into Deporte values ('4','Natacion');
insert into Deporte values ('5','Voleibol');
insert into Deporte values ('6','Futbol');
insert into Deporte values ('7','Futbol Sala');
insert into Deporte values ('8','Badminton');
insert into Deporte values ('9','Aerobicos');
insert into Deporte values ('10','Boxeo');
insert into Deporte values ('11','Artes Marciales');
insert into Deporte values ('12','Gimnasia Olimpica');

insert into Estado values ('1','Activo');
insert into Estado values ('2','Prestado');
insert into Estado values ('3','Dañado');
insert into Estado values ('4','Perdido');
insert into Estado values ('5','De baja');

insert into Periodo values ('20191');
insert into Periodo values ('20192');
insert into Periodo values ('20193');
insert into Periodo values ('20201');
insert into Periodo values ('20202');
insert into Periodo values ('20203');
insert into Periodo values ('20211');
insert into Periodo values ('20212');
insert into Periodo values ('20213');
insert into Periodo values ('20221');

insert into TipoElemento values ('1','Balon Baloncesto');
insert into TipoElemento values ('2','Balon Futbol');
insert into TipoElemento values ('3','Balon Voleibol');
insert into TipoElemento values ('4','Pelota Tenis Mesa');
insert into TipoElemento values ('5','Pelota Tenis campo');
insert into TipoElemento values ('6','Colchoneta');
insert into TipoElemento values ('7','Lazo Salto');
insert into TipoElemento values ('8','Guantes Box');
insert into TipoElemento values ('9','Malla Volibol');
insert into TipoElemento values ('10','Saco Boxeo');
insert into TipoElemento values ('11','Aros hula-hula');
insert into TipoElemento values ('12','Chaleco Boxeo');
insert into TipoElemento values ('13','Malla Pimpom');

insert into Actividad values ('CU','Curso');
insert into Actividad values ('PR','Practica');
insert into Actividad values ('EN','Entrenamiento');

insert into Hora values ('6:00');
insert into Hora values ('7:00');
insert into Hora values ('8:00');
insert into Hora values ('9:00');
insert into Hora values ('10:00');
insert into Hora values ('11:00');
insert into Hora values ('12:00');
insert into Hora values ('13:00');
insert into Hora values ('14:00');
insert into Hora values ('15:00');
insert into Hora values ('16:00');
insert into Hora values ('17:00');
insert into Hora values ('18:00');
insert into Hora values ('19:00');
insert into Hora values ('20:00');
insert into Hora values ('21:00');
insert into Hora values ('22:00');

insert into Marca values ('10','Nike');
insert into Marca values ('20','Adidas');
insert into Marca values ('30','Puma');
insert into Marca values ('40','Reebok');
insert into Marca values ('50','Fila');
insert into Marca values ('60','Asics');
insert into Marca values ('70','Kappa');
insert into Marca values ('80','The North Face');
insert into Marca values ('90','Under Armour');
insert into Marca values ('100','Under Armour');
insert into Marca values ('110','Converse');
insert into Marca values ('120','TI Colombia');

insert into Rol values ('1','Director Deportivo');
insert into Rol values ('2','Docente');
insert into Rol values ('3','Entrenador');

insert into Cargo values ('1','Auxiliar');
insert into Cargo values ('2','Docente');
insert into Cargo values ('3','Director Deportivo');
insert into Cargo values ('4','Administrador Deportivo');
insert into Cargo values ('5','Fisioterapeuta');
insert into Cargo values ('6','Entrenador');


insert into Espacio values ('1','1',null,'UNIDAD DEPORTIVA');
insert into Espacio values ('2','2',null,'SEDE MACARENA');
insert into Espacio values ('3','2',null,'SEDE VIVERO');
insert into Espacio values ('4','2',null,'SEDE INGENIERIA');
insert into Espacio values ('5','3','2','CAMPO MACARENA');
insert into Espacio values ('6','3','3','CAMPO VIVERO');
insert into Espacio values ('7','3','4','CAMPO INGENIERIA');
insert into Espacio values ('8','4','2','PISTA MACARENA');
insert into Espacio values ('9','4','3','PISTA VIVERO');
insert into Espacio values ('10','4','4','PISTA INGENIERIA');
insert into Espacio values ('11','6','2','PISCINA MACARENA');
insert into Espacio values ('12','6','3','PISCINA VIVERO');
insert into Espacio values ('13','6','4','PISCINA INGENIERIA');
insert into Espacio values ('14','5','2','SALON 1 MACARENA');
insert into Espacio values ('15','5','2','SALON 2 MACARENA');
insert into Espacio values ('16','5','2','SALON 3 MACARENA');
insert into Espacio values ('17','5','2','SALON 4 MACARENA');
insert into Espacio values ('18','5','2','SALON 5 MACARENA');
insert into Espacio values ('19','5','2','SALON 6 MACARENA');
insert into Espacio values ('20','5','2','SALON 7 MACARENA');
insert into Espacio values ('21','5','2','SALON 8 MACARENA');
insert into Espacio values ('22','5','2','SALON 9 MACARENA');
insert into Espacio values ('23','5','2','SALON 10 MACARENA');
insert into Espacio values ('24','5','3','SALON 1 VIVERO');
insert into Espacio values ('25','5','3','SALON 2 VIVERO');
insert into Espacio values ('26','5','3','SALON 3 VIVERO');
insert into Espacio values ('27','5','3','SALON 4 VIVERO');
insert into Espacio values ('28','5','3','SALON 5 VIVERO');
insert into Espacio values ('29','5','3','SALON 6 VIVERO');
insert into Espacio values ('30','5','3','SALON 7 VIVERO');
insert into Espacio values ('31','5','3','SALON 8 VIVERO');
insert into Espacio values ('32','5','3','SALON 9 VIVERO');
insert into Espacio values ('33','5','3','SALON 10 VIVERO');
insert into Espacio values ('34','5','4','SALON 1 INGENIERIA');
insert into Espacio values ('35','5','4','SALON 2 INGENIERIA');
insert into Espacio values ('36','5','4','SALON 3 INGENIERIA');
insert into Espacio values ('37','5','4','SALON 4 INGENIERIA');
insert into Espacio values ('38','5','4','SALON 5 INGENIERIA');
insert into Espacio values ('39','5','4','SALON 6 INGENIERIA');
insert into Espacio values ('40','5','4','SALON 7 INGENIERIA');
insert into Espacio values ('41','5','4','SALON 8 INGENIERIA');
insert into Espacio values ('42','5','4','SALON 9 INGENIERIA');
insert into Espacio values ('43','5','4','SALON 10 INGENIERIA');
insert into Espacio values ('44','7','2','SALA MAQUINAS MACARENA');
insert into Espacio values ('45','7','3','SALA MAQUINAS VIVERO');
insert into Espacio values ('46','7','4','SALA MAQUINAS INGENIERIA');


insert into Empleado values ('0011','ADRIANA CAROLINA','REY SANCHEZ','12-01-2007','areys@correo.ud.edu.co');
insert into Empleado values ('0022','ANDREA CATALINA','ACERO CARO','18-01-2011','aaceroc@correo.ud.edu.co');
insert into Empleado values ('0033','ANDRES FELIPE','VILLA MONROY ','02-07-2013','avilla@correo.ud.edu.co');
insert into Empleado values ('0044','CAMILO ALBERTO','ROCHA GARCIA','13-08-2020','crochag@correo.ud.edu.co');
insert into Empleado values ('0055','ANGIE TATIANA','BLANCO RONCHA','17-09-2021','ablancor@correo.ud.edu.co');
insert into Empleado values ('0066','ANDREA LILIANA','CRUZ GARCIA','14-02-2017','acruzg@correo.ud.edu.co');
insert into Empleado values ('0077','CAMILO ENRIQUE','VILLA ARISTIZABAL','22-01-2020','cvillamizara@correo.ud.edu.co');
insert into Empleado values ('0088','CARLOS DIDIER','GOMEZ GIANINE','30-10-2018','cgomezg@correo.ud.edu.co');
insert into Empleado values ('0099','CRISTINA ELIZABETH','TORRES FRIAS','18-12-2019','ctorresf@correo.ud.edu.co');
insert into Empleado values ('0110','CINTHYA FERNANDA','OSPINA ALFONSO','04-07-2021','cospinaa@correo.ud.edu.co');
insert into Empleado values ('0111','DIANA CATALINA','DIAZ BELTRAN','13-02-2018','ddiazb@correo.ud.edu.co');
insert into Empleado values ('0112','GABRIEL FELIPE','HERRERA MORENO','10-11-2019','gherreram@correo.ud.edu.co');
insert into Empleado values ('0113','GABRIEL MAURICIO','NIETO BUSTOS','12-05-2018','gnietob@correo.ud.edu.co');
insert into Empleado values ('0114','IVONNE JOULIETTE','BARRERA LOPEZ','11-08-2020','ibarreral@correo.ud.edu.co');
insert into Empleado values ('0115','JORGE ESTEBAN','REY BOTERO','24-01-2019','jreyb@correo.ud.edu.co');
insert into Empleado values ('0116','JOSE GUILLERMO','MARIN ZUBIETA','07-01-2018','jmarinz@correo.ud.edu.co');
insert into Empleado values ('0117','JUAN SEBASTIAN','ROMERO ESCOBAR','13-09-2019','jromeroe@correo.ud.edu.co');
insert into Empleado values ('0118','JULIAN LEONARDO ','SANCHEZ PRADA','23-01-2018','jsanchezp@correo.ud.edu.co');
insert into Empleado values ('0119','OSCAR JULIAN ','ULLOA ORJUELA','25-10-2021','oulloao@correo.ud.edu.co');
insert into Empleado values ('0120','RAFAEL ANDRES','ALVAREZ CASTILLO','27-11-2020','ralvarezc@correo.ud.edu.co');

insert into Empleado_cargo values ('1','3','3','0011','12-01-2007',null);
insert into Empleado_cargo values ('2','4','3','0022','18-01-2011',null);
insert into Empleado_cargo values ('3','30','2','0033','02-07-2013',null);
insert into Empleado_cargo values ('4','31','2','0044','13-08-2020',null);
insert into Empleado_cargo values ('5','32','2','0055','17-09-2021',null);
insert into Empleado_cargo values ('6','33','2','0066','14-02-2017',null);
insert into Empleado_cargo values ('7','34','2','0077','22-01-2020',null);
insert into Empleado_cargo values ('8','35','2','0088','30-10-2018',null);
insert into Empleado_cargo values ('9','36','2','0099','18-12-2019',null);
insert into Empleado_cargo values ('10','37','2','0110','04-07-2021',null);
insert into Empleado_cargo values ('11','3','1','0111','13-02-2018',null);
insert into Empleado_cargo values ('12','3','1','0112','10-11-2019',null);
insert into Empleado_cargo values ('13','4','1','0113','12-05-2018',null);
insert into Empleado_cargo values ('14','4','1','0114','11-08-2020',null);
insert into Empleado_cargo values ('15','6','6','0115','24-01-2019',null);
insert into Empleado_cargo values ('16','7','6','0116','07-01-2018',null);
insert into Empleado_cargo values ('17','9','6','0117','13-09-2019',null);
insert into Empleado_cargo values ('18','10','6','0118','23-01-2018',null);
insert into Empleado_cargo values ('19','12','6','0119','25-10-2021',null);
insert into Empleado_cargo values ('20','13','6','0120','27-11-2020',null);

insert into Estudiante values ('20191010021','2','JULIAN ANDRES','RODRIGUEZ MARTINEZ','25-08-2019','jarodriguezm@correo.ud.edu.co','02-03-2002');
insert into Estudiante values ('20192020035','2','NICOL LILIANA','LOPEZ CORTES','09-10-2020','nllopezc@correo.ud.edu.co','30-11-2000');
insert into Estudiante values ('20201030047','2','MANUEL FELIPE','ACOSTA RUBIANO','15-03-2020','mfacostar@correo.ud.edu.co','23-06-2003');
insert into Estudiante values ('20202040059','3','DIANA JULIANA','RAMIREZ SIERRA','19-02-2021','djramirezs@correo.ud.edu.co','10-01-2001');
insert into Estudiante values ('20203050062','3','NICOLAS ANTONIO','TORRES ROA','16-04-2022','natorresr@correo.ud.edu.co','28-07-1998');
insert into Estudiante values ('20211060078','3','JESUS MOISES','PEREZ CASAS','24-07-2021','jmperezc@correo.ud.edu.co','24-12-2002');
insert into Estudiante values ('20212070086','4','ISAAC CRISTIAN','JAIMES ROJAS','01-05-2022','icjaimesr@correo.ud.edu.co','18-03-2004');
insert into Estudiante values ('20213080093','4','JUAN ALEJANDRO','DUARTE PARDO','30-11-2021','jaduartep@correo.ud.edu.co','09-09-2003');
insert into Estudiante values ('20221090124','4','ANDRES DAVID','PEDRAZA FRANCO','13-03-2022','adpedrazaf@correo.ud.edu.co','20-05-2001');
insert into Estudiante values ('20191040133','4','CRISTIAN CAMILO','MONTOYA CLAVIJO','27-09-2019','ccmontoyac@correo.ud.edu.co','17-08-2000');

insert into Espacio_deporte values ('9','1');
insert into Espacio_deporte values ('10','4');
insert into Espacio_deporte values ('36','10');
insert into Espacio_deporte values ('27','11');
insert into Espacio_deporte values ('31','12');
insert into Espacio_deporte values ('18','9');
insert into Espacio_deporte values ('19','8');
insert into Espacio_deporte values ('39','7');
insert into Espacio_deporte values ('7','6');
insert into Espacio_deporte values ('35','3');

insert into Dia values ('Lu','LUNES');
insert into Dia values ('Ma','MARTES');
insert into Dia values ('Mi','MIERCOLES');
insert into Dia values ('Ju','JUEVES');
insert into Dia values ('Vi','VIERNES');
insert into Dia values ('Sa','SABADO');
insert into Dia values ('Do','DOMINGO');

insert into Programacion values ('0001','9','1','20221','CU','8:00','10:00','Sa','040','030');
insert into Programacion values ('0002','10','4','20221','CU','10:00','12:00','Ma','025','007');
insert into Programacion values ('0003','36','10','20221','CU','12:00','14:00','Mi','100','047');
insert into Programacion values ('0004','27','11','20221','CU','14:00','16:00','Ju','050','020');
insert into Programacion values ('0005','31','12','20221','EN','7:00','9:00','Vi','035','012');
insert into Programacion values ('0006','18','9','20221','EN','9:00','11:00','Sa','020','006');
insert into Programacion values ('0007','19','8','20221','EN','11:00','13:00','Ma','015','010');
insert into Programacion values ('0008','39','7','20221','EN','13:00','15:00','Mi','070','050');
insert into Programacion values ('0009','7','6','20221','PR','15:00','17:00','Ju','090','041');
insert into Programacion values ('0010','35','3','20221','PR','18:00','20:00','Vi','080','028');
insert into Programacion values ('0011','7','5','20221','PR','20:00','22:00','Ma','060','015');
insert into Programacion values ('0012','24','10','20221','PR','6:00','8:00','Mi','030','018');

insert into Elemendeportivo values ('10101','36','8','2','50','13-01-2020');
insert into Elemendeportivo values ('10102','35','4','1','40','05-01-2021');
insert into Elemendeportivo values ('10103','35','9','1','40','05-01-2021');
insert into Elemendeportivo values ('10104','9','7','1','10','07-01-2020');
insert into Elemendeportivo values ('10105','9','7','1','10','07-01-2020');
insert into Elemendeportivo values ('10106','9','6','1','10','07-01-2020');
insert into Elemendeportivo values ('10107','9','6','1','10','07-01-2020');
insert into Elemendeportivo values ('10108','39','2','2','20','13-07-2020');
insert into Elemendeportivo values ('10109','7','2','2','20','13-07-2020');
insert into Elemendeportivo values ('10110','7','3','1','120','15-07-2021');






